"","X","CODE_N","COMMUNE","BVQ_N","POPSDC99","LOG","LOGVAC","STRATLOG","surf_m2","lat_centre","lon_centre"
"1",1,31001,"AGASSAC",31239,121,65,9,1,9511618,43.3724901646255,0.886155477254824
"2",2,31002,"AIGNES",31033,193,99,7,1,22017258,43.3345629261766,1.58660779351184
"3",3,31003,"AIGREFEUILLE",31044,577,179,1,2,4608949,43.569188194331,1.58515812491066
"4",4,31004,"AYGUESVIVES",31582,1815,656,15,3,13328942,43.4286416570317,1.59430557928741
"5",5,31005,"ALAN",31028,299,163,9,2,11439648,43.2199787534334,0.927075570666306
"6",6,31006,"ALBIAC",31106,159,60,3,1,4778496,43.5560032146056,1.78321179215534
"7",7,31007,"AMBAX",31239,72,37,4,1,5921731,43.3683893223919,0.936480445045116
"8",8,31008,"ANAN",31239,230,120,5,2,13561175,43.3523900231592,0.810961371061698
"9",9,31009,"ANTICHAN-DE-",31483,84,77,3,1,4450033,42.9695676878599,0.676324658427515
"10",10,31010,"ANTIGNAC",31042,100,76,0,1,5837765,42.8306213411081,0.588468902368619
"11",11,31011,"ARBAS",31523,186,230,7,2,7327314,42.9922768473526,0.905454340010245
"12",12,31012,"ARBON",31483,76,79,7,1,4448211,43.0006541448779,0.731785035269774
"13",13,31013,"ARDIEGE",31483,325,156,8,2,3802439,43.0667818019411,0.644560472555798
"14",14,31014,"ARGUENOS",31020,57,94,1,1,11148392,42.9582106828288,0.728018944354492
"15",15,31015,"ARGUT-DESSOU",31471,33,67,3,1,2721250,42.8924420696772,0.715031733801895
"16",16,31017,"ARLOS",31471,88,117,14,2,9381097,42.8741715179624,0.695054825130182
"17",17,31018,"ARNAUD-GUILH",31523,167,91,10,1,7763274,43.1463037170533,0.89949547696189
"18",18,31019,"ARTIGUE",31042,34,34,0,1,9607956,42.8257993416636,0.639896619362922
"19",19,31020,"ASPET",31020,923,684,90,3,26525625,43.0113711557778,0.806253612394161
"20",20,31021,"ASPRET-SARRA",31483,97,50,5,1,3984907,43.0699143407759,0.719978865294568
"21",21,31022,"AUCAMVILLE",31555,5533,2278,77,4,3990060,43.6711261953093,1.42335955836235
"22",22,31023,"AULON",31483,347,207,15,2,14821836,43.1906707240963,0.812772639755589
"23",23,31024,"AURAGNE",31033,310,129,8,2,13666726,43.3914322932606,1.50923619269146
"24",24,31025,"AUREVILLE",31395,540,198,4,2,6778684,43.4800480532223,1.45726178581584
"25",25,31026,"AURIAC-SUR-V",31106,958,446,33,3,30916762,43.5194477387304,1.82488636152095
"26",26,31027,"AURIBAIL",31033,162,69,4,1,9184005,43.3457256041626,1.37485341124008
"27",27,31028,"AURIGNAC",31028,980,539,35,3,18133770,43.214256023082,0.870688116033296
"28",28,31029,"AURIN",31106,245,93,4,1,7587117,43.5358090238083,1.68212184272591
"29",29,31030,"AUSSEING",31523,61,32,5,1,5977107,43.1540018859864,1.03121617538153
"30",30,31031,"AUSSON",31390,541,253,12,2,4500391,43.0912876726229,0.589925650897807
"31",31,31032,"AUSSONNE",31232,4220,1593,45,4,13941938,43.683882011336,1.32860867631438
"32",32,31033,"AUTERIVE",31033,6531,2777,126,4,37324478,43.3593868270051,1.47765085674508
"33",33,31034,"AUZAS",31483,132,77,10,1,7848009,43.174924502395,0.894439813701077
"34",34,31035,"AUZEVILLE-TO",31113,2202,802,19,3,6687290,43.5287428345998,1.48734984328306
"35",35,31036,"AUZIELLE",31582,1558,494,6,3,4620003,43.5400048060555,1.56813391312533
"36",36,31037,"AVIGNONET-LA",31582,1069,449,27,3,40581905,43.3770225252218,1.77309769354135
"37",37,31039,"BACHAS",31028,75,42,2,1,2574861,43.2489766507621,0.940937713273393
"38",38,31040,"BACHOS",31144,38,34,6,1,2712305,42.8988241815562,0.60270414186354
"39",39,31042,"BAGNERES-DE-",31042,2900,4490,350,4,52782243,42.7348617007374,0.628106204315939
"40",40,31043,"BALESTA",31080,149,80,4,1,7087607,43.20205683026,0.563197702709666
"41",41,31045,"BARBAZAN",31483,378,245,20,2,6351762,43.0344932891035,0.622666587548746
"42",42,31046,"BAREN",31042,8,13,1,1,2937107,42.8670686227041,0.634573649892318
"43",43,31047,"BAX",31375,81,36,1,1,6033064,43.2249591075631,1.28854774916751
"44",44,31048,"BAZIEGE",31582,2196,819,44,3,19979913,43.4623170630237,1.62800392353096
"45",45,31049,"BAZUS",31358,532,197,3,2,9157438,43.7355990154574,1.52000526643756
"46",46,31050,"BEAUCHALOT",31483,390,177,17,2,6306383,43.1142348982851,0.869831655557414
"47",47,31051,"BEAUFORT",31454,247,89,0,1,8374711,43.4550116848029,1.10622911311447
"48",48,31052,"BEAUMONT-SUR",31033,1414,563,20,3,26431694,43.379693387901,1.35624710885565
"49",49,31053,"BEAUPUY",31561,1095,372,6,3,5890032,43.6525928361658,1.55908495464096
"50",50,31054,"BEAUTEVILLE",31582,104,54,2,1,4614539,43.3488882069772,1.73355364577609
"51",51,31055,"BEAUVILLE",31106,106,50,8,1,6152073,43.4679748832385,1.77073107320799
"52",52,31056,"BEAUZELLE",31232,5376,1878,33,4,4686136,43.6671186994764,1.37422293298811
"53",53,31057,"BELBERAUD",31113,1124,335,5,3,7497054,43.5035447940718,1.57051138024907
"54",54,31058,"BELBEZE-DE-L",31381,101,37,2,1,3687618,43.4378347442402,1.5562446434392
"55",55,31059,"BELBEZE-EN-C",31523,116,73,12,1,9475520,43.1340258058732,1.02999362374823
"56",56,31060,"BELESTA-EN-L",31451,84,49,4,1,5628331,43.4396832978517,1.83184449362985
"57",57,31061,"BELLEGARDE-S",31098,176,75,4,1,11725012,43.6761513319716,1.09952178471725
"58",58,31062,"BELLESSERRE",31232,50,17,1,1,3446412,43.7874526855125,1.10198588618274
"59",59,31063,"BENQUE",31028,154,72,5,1,11421888,43.2595784488198,0.917775157811783
"60",60,31064,"BENQUE-DESSO",31042,19,40,1,1,3629143,42.8209411139081,0.541832248416288
"61",61,31065,"BERAT",31454,1407,558,41,3,24448127,43.3778543630613,1.17171044658784
"62",62,31066,"BESSIERES",31358,2222,1025,100,4,16763355,43.7969758607385,1.58598900134769
"63",63,31067,"BEZINS-GARRA",31471,39,64,0,1,7822209,42.9386101851502,0.699582479458257
"64",64,31068,"BILLIERE",31042,25,25,2,1,2183733,42.8156256444013,0.529543509276387
"65",65,31070,"BLAJAN",31080,437,244,6,2,12790468,43.2543069703607,0.647432349533103
"66",66,31071,"BOIS-DE-LA-P",31107,313,110,5,2,7448958,43.3414855258251,1.16171209093137
"67",67,31072,"BOISSEDE",31239,71,41,1,1,3893931,43.4073743711813,0.826110303462338
"68",68,31073,"BONDIGOUX",31584,320,142,6,2,7495645,43.8428673410639,1.54312133593072
"69",69,31074,"BONREPOS-RIQ",31573,247,83,0,1,5666999,43.6769281882802,1.6231069232761
"70",70,31075,"BONREPOS-SUR",31499,579,220,9,2,10182330,43.5441611599777,1.13787829750382
"71",71,31076,"BORDES-DE-RI",31390,359,171,13,2,8460131,43.1237251283695,0.635454757264563
"72",72,31077,"LE BORN",31584,261,122,12,2,10943628,43.8953410695364,1.53868232179786
"73",73,31079,"BOULOC",31202,2925,1129,48,4,18858035,43.7956924976492,1.41842974275654
"74",74,31080,"BOULOGNE-SUR",31080,1433,703,49,3,24687338,43.2905218992722,0.650403944997831
"75",75,31081,"BOURG-D'OUEI",31042,10,30,0,1,9935101,42.8606544746637,0.486951508592016
"76",76,31082,"BOURG-SAINT-",31106,772,327,19,3,16587309,43.6056491109235,1.69866374943947
"77",77,31083,"BOUSSAN",31028,190,121,16,2,12630018,43.2420056383755,0.874940315172206
"78",78,31084,"BOUSSENS",31135,833,409,26,3,4383480,43.1767706316286,0.96037734064716
"79",79,31085,"BOUTX",31471,259,617,27,3,47412261,42.915313388066,0.770411737748677
"80",80,31086,"BOUZIN",31028,69,35,5,1,4313568,43.1912362658918,0.883536585061768
"81",81,31087,"BRAGAYRAC",31499,249,107,10,2,8312142,43.4892338472717,1.07042632038382
"82",82,31088,"BRAX",31232,2017,692,20,3,4469430,43.6151260526349,1.2328246794424
"83",83,31089,"BRETX",31232,354,132,10,2,8502974,43.7060013202041,1.19627633671202
"84",84,31090,"BRIGNEMONT",31098,317,150,10,2,22205573,43.7692367229838,0.998641788592494
"85",85,31091,"BRUGUIERES",31555,3862,1395,32,4,9090866,43.7268333883964,1.40918069022845
"86",86,31092,"BURGALAYS",31144,115,107,8,2,5211840,42.8839945487702,0.636472489813668
"87",87,31093,"LE BURGAUD",31232,484,212,23,2,24413971,43.7894769361149,1.14586548153923
"88",88,31094,"BUZET-SUR-TA",31358,1410,711,56,3,30273407,43.7685699141626,1.61328330981379
"89",89,31095,"CABANAC-CAZA",31483,108,65,4,1,3842168,43.0346269498292,0.739958412276335
"90",90,31096,"CABANAC-SEGU",31098,128,66,10,1,10265815,43.791416950485,1.01942765725785
"91",91,31097,"LE CABANIAL",31451,246,94,2,1,8548020,43.5216288217726,1.8692159895216
"92",92,31098,"CADOURS",31098,696,336,29,3,10852790,43.7264947014166,1.04653815617245
"93",93,31099,"CAIGNAC",31582,188,90,2,1,9176389,43.3196570555343,1.7081418361558
"94",94,31101,"CAMBERNARD",31499,340,137,4,2,8532737,43.4625960624675,1.17887658164559
"95",95,31102,"CAMBIAC",31106,170,79,8,1,7789283,43.4909774972177,1.78942109061896
"96",96,31104,"CAPENS",31107,285,128,10,2,6894412,43.3346328856911,1.26023782485466
"97",97,31105,"CARAGOUDES",31106,213,90,8,1,8356375,43.5007392465867,1.71397657689135
"98",98,31106,"CARAMAN",31106,1944,871,72,3,30570598,43.5290895805601,1.75307994329651
"99",99,31107,"CARBONNE",31107,3692,1751,147,4,26674194,43.3013538423628,1.21859951298662
"100",100,31108,"CARDEILHAC",31483,230,121,21,2,18455756,43.1958611981001,0.676301118620708
"101",101,31109,"CASSAGNABERE",31028,389,226,25,2,25418610,43.2310534240254,0.799461009574478
"102",102,31110,"CASSAGNE",31523,621,331,35,3,11307244,43.1246451238277,0.992228451322126
"103",103,31112,"CASTAGNEDE",31523,185,95,12,1,3407631,43.0511650985167,0.976571941073904
"104",104,31114,"CASTELBIAGUE",31523,209,109,5,2,6013269,43.0352984506356,0.927125753035707
"105",105,31115,"CASTELGAILLA",31239,67,36,4,1,6850084,43.3525808936621,0.902341692623036
"106",106,31116,"CASTELGINEST",31555,7735,2874,93,4,8182735,43.6974478242422,1.43521350788207
"107",107,31117,"CASTELMAUROU",31561,3261,1143,50,4,16885005,43.6849307615592,1.53744662609607
"108",108,31118,"CASTELNAU-D'",31232,2812,1137,74,4,28562045,43.7944519681183,1.36186858048191
"109",109,31119,"CASTELNAU-PI",31193,165,88,0,1,11408462,43.3085266672514,1.01458776266666
"110",110,31121,"CASTERA-VIGN",31080,54,27,3,1,4156770,43.2764894606476,0.782005708404555
"111",111,31122,"CASTIES-LABR",31193,97,41,0,1,8808302,43.3276946862841,0.993938126652751
"112",112,31123,"CASTILLON-DE",31042,83,84,7,1,28886973,42.7401036575909,0.557054202701501
"113",113,31124,"CASTILLON-DE",31483,259,125,11,2,10888444,43.1374100264573,0.849785017054677
"114",114,31125,"CATHERVIELLE",31042,30,51,4,1,3669808,42.8230611860911,0.508085602285782
"115",115,31126,"CAUBIAC",31098,193,92,4,1,7997658,43.7127876290905,1.07420345544677
"116",116,31127,"CAUBOUS",31042,12,16,0,1,3964224,42.847008374217,0.522489220561677
"117",117,31128,"CAUJAC",31033,437,201,10,2,11500233,43.2942423379231,1.45710340149992
"118",118,31129,"CAZARIL-LASP",31042,19,26,0,1,2368244,42.8024076763236,0.580824383803067
"119",119,31131,"CAZAUNOUS",31020,47,56,4,1,4711041,42.988473320572,0.724337896297613
"120",120,31132,"CAZAUX-LAYRI",31042,86,49,2,1,2614660,42.8717165887659,0.595988461927281
"121",121,31133,"CAZEAUX-DE-L",31042,81,90,6,1,21734026,42.7521875723976,0.531333765739755
"122",122,31134,"CAZENEUVE-MO",31028,54,33,2,1,4675558,43.1812391959686,0.861987452438514
"123",123,31135,"CAZERES",31135,3260,1761,214,4,19692799,43.2211012534493,1.09325058437535
"124",124,31136,"CEPET",31202,1315,399,13,3,7239734,43.7459858633023,1.43625778844228
"125",125,31137,"CESSALES",31582,130,53,5,1,3359662,43.4576510345515,1.74472963857336
"126",126,31138,"CHARLAS",31080,189,109,12,2,11411880,43.2349482942335,0.692127796493366
"127",127,31139,"CHAUM",31483,193,148,7,2,5578708,42.9404329157932,0.665057454472557
"128",128,31140,"CHEIN-DESSUS",31020,184,174,28,2,12743364,43.0049722185752,0.875218783334165
"129",129,31141,"CIADOUX",31080,186,87,9,1,9790270,43.254252076322,0.741806148292265
"130",130,31142,"CIER-DE-LUCH",31042,222,172,8,2,10431209,42.8557329984582,0.586989972076554
"131",131,31143,"CIER-DE-RIVI",31483,250,152,9,2,9567137,43.0583470768022,0.626931798066165
"132",132,31144,"CIERP-GAUD *",31144,862,643,43,3,14255023,42.9121908582841,0.634695974655739
"133",133,31145,"CINTEGABELLE",31033,2341,1079,86,4,53560469,43.3065784306953,1.53570185358519
"134",134,31146,"CIRES",31042,8,39,7,1,5190399,42.8526342012397,0.509818524158781
"135",135,31147,"CLARAC",31390,508,191,7,2,4736521,43.1140675862677,0.616570368385155
"136",136,31148,"CLERMONT-LE-",31033,464,185,7,2,10202731,43.4582768292691,1.44278236173573
"137",137,31150,"CORNEBARRIEU",31232,4694,1741,86,4,18777530,43.6488078837653,1.32243766479866
"138",138,31151,"CORRONSAC",31113,448,161,3,2,6365668,43.4714716887701,1.49034960339796
"139",139,31152,"COUEILLES",31239,100,51,4,1,6497064,43.347096491835,0.878789347980361
"140",140,31153,"COULADERE",31135,351,207,14,2,2345314,43.1966058742242,1.09334857020221
"141",141,31155,"COURET",31483,195,100,5,2,4341475,43.0493693287017,0.817342197926057
"142",142,31156,"COX",31098,267,156,11,2,4085050,43.7604019124751,1.04240044751801
"143",143,31158,"CUGURON",31390,176,80,3,1,6921872,43.1040765191511,0.516104823547451
"144",144,31159,"LE CUING",31483,351,156,11,2,13036541,43.1469454113128,0.611573962212043
"145",145,31160,"DAUX",31232,1253,528,43,3,16996921,43.6874656112803,1.26659113267214
"146",146,31161,"DEYME",31113,835,281,2,2,7069100,43.4822577494182,1.53252141689312
"147",147,31162,"DONNEVILLE",31381,781,276,6,2,2702032,43.4725255168964,1.55055330673745
"148",148,31163,"DREMIL-LAFAG",31044,2580,862,17,3,12529228,43.5913096108891,1.60278345492469
"149",149,31164,"DRUDAS",31098,172,93,14,1,11057224,43.761772242129,1.09718936884814
"150",150,31165,"EAUNES",31395,3389,1244,28,4,14905371,43.4274213320325,1.3587085287264
"151",151,31166,"EMPEAUX",31499,163,83,0,1,4597310,43.5371190254339,1.07937149725141
"152",152,31167,"ENCAUSSE-LES",31483,591,330,15,3,8166480,43.053161003419,0.746878922258727
"153",153,31168,"EOUX",31028,121,58,7,1,9318821,43.277578982353,0.882103546100058
"154",154,31169,"ESCALQUENS",31113,5477,1892,35,4,8485669,43.5207957613251,1.55275669942818
"155",155,31170,"ESCANECRABE",31080,240,117,8,2,15940947,43.271377353887,0.757557241657613
"156",156,31171,"ESPANES",31033,232,95,2,1,3598445,43.4505376212975,1.48777098456059
"157",157,31172,"ESPARRON",31028,36,29,5,1,5549666,43.2614750197187,0.811276589172821
"158",158,31173,"ESPERCE",31033,210,105,6,2,16237183,43.2993536337927,1.40027571121611
"159",159,31174,"ESTADENS",31020,425,274,1,2,17633550,43.0339337064105,0.844260264080928
"160",160,31175,"ESTANCARBON",31483,530,230,11,2,6272070,43.1087816993421,0.780991019850235
"161",161,31176,"ESTENOS",31483,167,132,6,2,3374825,42.9404866039528,0.635215052010781
"162",162,31177,"EUP",31471,146,120,9,2,2232264,42.9262001261198,0.685833405417293
"163",163,31178,"FABAS",31239,214,119,14,2,18651674,43.3119886081222,0.892862490940467
"164",164,31179,"LE FAGET",31106,279,148,20,2,11392198,43.5649401894498,1.82596583468777
"165",165,31180,"FALGA",31451,79,36,1,1,5415120,43.4801481119379,1.84707138996087
"166",166,31181,"LE FAUGA",31395,1099,448,31,3,9092401,43.3992013275951,1.29393451616027
"167",167,31182,"FENOUILLET",31555,4028,1569,70,4,9678904,43.6844061570514,1.39058923270985
"168",168,31183,"FIGAROL",31523,236,129,13,2,11835729,43.0857719796453,0.905286487833668
"169",169,31184,"FLOURENS",31044,1793,583,10,3,9701192,43.5976629667046,1.55373584190643
"170",170,31185,"FOLCARDE",31582,86,37,3,1,2319481,43.4052419326185,1.79623277233704
"171",171,31186,"FONBEAUZARD",31555,2603,968,53,3,1330731,43.6797481845631,1.43629132042491
"172",172,31187,"FONSORBES",31499,6909,2390,83,4,19387848,43.5317242115822,1.23910149262884
"173",173,31188,"FONTENILLES",31499,2920,1049,43,4,20224509,43.5552378891093,1.19706871597409
"174",174,31189,"FORGUES",31454,152,72,5,1,5274532,43.4313721977175,1.04340832618337
"175",175,31190,"FOS",31471,272,401,56,3,18323302,42.8605249831853,0.74749740538963
"176",176,31191,"FOUGARON",31523,73,107,6,2,9153585,42.9812851361435,0.936273926287587
"177",177,31192,"FOURQUEVAUX",31582,716,269,14,2,10185261,43.4984132806381,1.62142395254158
"178",178,31193,"LE FOUSSERET",31193,1434,681,46,3,38667230,43.2861907492657,1.06493571431664
"179",179,31194,"FRANCARVILLE",31106,154,65,8,1,7076262,43.5870123347612,1.7481583983514
"180",180,31196,"FRANCON",31135,168,75,3,1,9618680,43.2616682325287,0.987250222802698
"181",181,31197,"FRANQUEVIELL",31390,333,163,18,2,11000809,43.1310364282905,0.534463470050182
"182",182,31198,"LE FRECHET",31028,103,48,4,1,4188713,43.1900263633683,0.932483436201543
"183",183,31199,"FRONSAC",31483,216,167,10,2,4276511,42.953596331051,0.662092798537329
"184",184,31200,"FRONTIGNAN-D",31483,73,57,1,1,2593554,42.9634012216282,0.664065270086374
"185",185,31201,"FRONTIGNAN-S",31239,49,32,2,1,2845528,43.3990037835388,0.913399597951891
"186",186,31202,"FRONTON",31202,3891,1646,82,4,46051699,43.8520912283751,1.37922798765925
"187",187,31203,"FROUZINS",31395,5936,2091,55,4,7915986,43.5218531683142,1.31298153160492
"188",188,31204,"FUSTIGNAC",31193,54,26,1,1,4001626,43.3013467245649,0.983268196975157
"189",189,31205,"GAGNAC-SUR-G",31555,1635,614,16,3,4651978,43.7071761379879,1.36369634446579
"190",190,31206,"GAILLAC-TOUL",31033,910,368,26,3,40072834,43.2561211723165,1.45647170949216
"191",191,31208,"GANTIES",31483,244,157,16,2,12102467,43.0642440654123,0.837526921624638
"192",192,31209,"GARAC",31098,157,66,5,1,6096468,43.6894982579559,1.09153469039467
"193",193,31210,"GARDOUCH",31582,996,419,34,3,16260870,43.3851650652847,1.67819909457194
"194",194,31211,"GARGAS",31202,520,189,2,2,7314672,43.7589071198299,1.45987934897708
"195",195,31212,"GARIDECH",31358,954,353,9,3,7141710,43.7133733089796,1.55165714205143
"196",196,31213,"GARIN",31042,102,139,10,2,5713511,42.806914705412,0.496682447759584
"197",197,31215,"GAURE",31573,495,188,7,2,13544746,43.6172084129944,1.63703403007395
"198",198,31216,"GEMIL",31358,196,86,9,1,2828368,43.7388312756171,1.59517060630143
"199",199,31217,"GENOS",31483,75,59,7,1,3434936,42.9987465115108,0.668878887619048
"200",200,31218,"GENSAC-DE-BO",31080,141,66,8,1,10906834,43.2592870923721,0.603582357573116
"201",201,31219,"GENSAC-SUR-G",31135,264,142,11,2,10437487,43.2158752416298,1.1427558619598
"202",202,31221,"GOUAUX-DE-LA",31042,65,216,1,2,11113674,42.779948030036,0.476914583216518
"203",203,31222,"GOUAUX-DE-LU",31042,44,60,0,1,14402667,42.8502006812769,0.641374587638399
"204",204,31223,"GOUDEX",31239,43,19,1,1,2634934,43.3789665044243,0.95701483991985
"205",205,31224,"GOURDAN-POLI",31390,1194,672,65,3,5242045,43.0690562916119,0.575530310061177
"206",206,31225,"GOUTEVERNISS",31375,77,45,8,1,4788676,43.2143635037903,1.17357021695287
"207",207,31226,"GOUZENS",31375,61,41,4,1,5675865,43.1794804778734,1.18267414457951
"208",208,31227,"GOYRANS",31395,809,283,6,2,5762866,43.4815055348139,1.42666497918393
"209",209,31228,"GRAGNAGUE",31358,1437,482,4,3,13037674,43.6827530213634,1.58246187897069
"210",210,31229,"GRATENS",31193,445,213,13,2,15422413,43.3260788085891,1.12315294987374
"211",211,31230,"GRATENTOUR",31555,3035,1010,26,4,4078700,43.720100340789,1.43430643941765
"212",212,31231,"GRAZAC",31033,442,169,7,2,7308612,43.3109911013257,1.44819012202415
"213",213,31232,"GRENADE",31232,5767,2423,124,4,38068134,43.7637227213625,1.28024923988109
"214",214,31233,"GREPIAC",31033,791,318,16,3,8190107,43.4071786861672,1.45225997469868
"215",215,31234,"LE GRES",31098,223,111,8,2,8179434,43.7194364853245,1.09951410750208
"216",216,31235,"GURAN",31144,45,65,7,1,5651409,42.8856286606353,0.607140548701724
"217",217,31236,"HERRAN",31523,81,74,9,1,15505635,42.9717501399306,0.886237725894099
"218",218,31237,"HIS",31523,178,102,5,2,5155207,43.0651046106966,0.966777927181682
"219",219,31238,"HUOS",31390,450,223,26,2,3925504,43.069294404261,0.59942498125331
"220",220,31239,"L'ISLE-EN-DO",31239,1905,964,101,3,22538384,43.3813722163858,0.833813657660668
"221",221,31240,"ISSUS",31033,291,109,6,2,7210621,43.4230368034315,1.50268057274827
"222",222,31241,"IZAUT-DE-L'H",31483,306,157,9,2,9701355,43.012986068752,0.749524675929405
"223",223,31242,"JURVIELLE",31042,15,27,3,1,5662318,42.8292306262318,0.474416824567024
"224",224,31243,"JUZES",31582,84,34,2,1,3809144,43.4472084654446,1.79338294456198
"225",225,31244,"JUZET-DE-LUC",31042,379,233,13,2,6772936,42.8025992540355,0.629501775018834
"226",226,31245,"JUZET-D'IZAU",31020,193,153,6,2,14884960,42.9699738125175,0.75755741162066
"227",227,31246,"LABARTHE-INA",31483,781,327,13,3,10295769,43.1081766853198,0.832693859857721
"228",228,31247,"LABARTHE-RIV",31483,1152,597,52,3,14279256,43.0809653826848,0.671605487302305
"229",229,31248,"LABARTHE-SUR",31395,4632,1562,40,4,10328224,43.4586735198827,1.40073552706438
"230",230,31249,"LABASTIDE-BE",31582,664,249,9,2,10245353,43.4832370346632,1.66363421503046
"231",231,31250,"LABASTIDE-CL",31454,416,184,8,2,14626574,43.3488914680487,1.10589691524723
"232",232,31251,"LABASTIDE-PA",31239,127,57,2,1,7910955,43.3329687728059,0.935539042846326
"233",233,31252,"LABASTIDE-SA",31202,1329,490,13,3,5066306,43.7358657432411,1.46584497327913
"234",234,31253,"LABASTIDETTE",31395,1328,475,10,3,6340076,43.4570743860366,1.23723659577543
"235",235,31254,"LABEGE",31113,3152,1646,168,4,7721810,43.5387606856512,1.52163795726584
"236",236,31255,"LABROQUERE",31390,269,193,24,2,4352581,43.0419863049314,0.592149156354288
"237",237,31256,"LABRUYERE-DO",31033,143,57,4,1,2221724,43.4052417942656,1.47096159678027
"238",238,31258,"LACAUGNE",31107,168,70,1,1,6142932,43.2814493238852,1.28220526317507
"239",239,31259,"LACROIX-FALG",31395,1485,613,26,3,6074926,43.5006829840183,1.42411448833822
"240",240,31260,"LAFFITE-TOUP",31483,70,42,5,1,4888559,43.1656910152866,0.912985638672712
"241",241,31261,"LAFITTE-VIGO",31107,654,268,11,2,11412512,43.3034532146305,1.1620769972102
"242",242,31262,"LAGARDE",31582,239,120,16,2,12124228,43.3451442764484,1.69673253119507
"243",243,31263,"LAGARDELLE-S",31395,2181,781,19,3,13701474,43.4142474447787,1.39324979922032
"244",244,31264,"LAGRACE-DIEU",31033,269,111,11,2,8669699,43.3376600991779,1.4051133845711
"245",245,31265,"LAGRAULET-SA",31098,145,93,15,1,16127005,43.7887872861758,1.07378704085752
"246",246,31266,"LAHAGE",31454,262,54,3,1,7591471,43.440089022954,1.06661065048467
"247",247,31267,"LAHITERE",31375,38,36,2,1,3915030,43.141843725275,1.18548339615377
"248",248,31268,"LALOURET-LAF",31483,108,55,4,1,5454542,43.1868613836784,0.700553739046673
"249",249,31269,"LAMASQUERE",31395,873,309,9,3,6127193,43.4843781313073,1.24825776331813
"250",250,31270,"LANDORTHE",31483,779,316,8,3,9766042,43.1295602492906,0.777190769179198
"251",251,31271,"LANTA",31106,1175,515,32,3,30254276,43.5614139245558,1.66814126977052
"252",252,31272,"LAPEYRERE",31375,61,26,0,1,6317753,43.2048284652069,1.31103103698823
"253",253,31273,"LAPEYROUSE-F",31561,2056,725,22,3,9510978,43.7010799700766,1.51096122339414
"254",254,31274,"LARCAN",31483,156,80,5,1,7033274,43.1712162695443,0.722234622460187
"255",255,31275,"LAREOLE",31098,122,61,0,1,8934282,43.7416916910165,1.02351997944662
"256",256,31276,"LARROQUE",31483,335,159,9,2,20144910,43.1958176863571,0.613794676621946
"257",257,31278,"LATOUE",31483,284,134,11,2,17815297,43.1724835816034,0.781982698965262
"258",258,31279,"LATOUR",31375,103,37,3,1,6256902,43.202356239486,1.28182610461253
"259",259,31280,"LATRAPE",31107,297,173,31,2,19403052,43.2494030355894,1.29080472880755
"260",260,31281,"LAUNAC",31232,963,405,31,3,22728117,43.7502079430451,1.17075237800145
"261",261,31282,"LAUNAGUET",31561,5086,1855,74,4,7070264,43.6694230065097,1.45491295162355
"262",262,31283,"LAUTIGNAC",31454,218,105,5,2,17977975,43.3792223827677,1.06345055716119
"263",263,31284,"LAUZERVILLE",31582,873,276,2,2,3434025,43.5580679112819,1.56647884899923
"264",264,31285,"LAVALETTE",31573,602,227,13,2,13814011,43.6391431558523,1.59244088442566
"265",265,31286,"LAVELANET-DE",31135,483,231,27,2,13739051,43.2526766250807,1.1152947968415
"266",266,31287,"LAVERNOSE-LA",31395,1943,742,45,3,18061063,43.3911657107053,1.24644684361162
"267",267,31288,"LAYRAC-SUR-T",31584,264,123,8,2,7278451,43.8341171467911,1.56220746718176
"268",268,31290,"LEGE",31042,39,44,1,1,2895649,42.879139590281,0.598099563781911
"269",269,31291,"LEGUEVIN",31232,6172,2203,91,4,24583708,43.5919129578211,1.22954861721146
"270",270,31292,"LESCUNS",31135,42,27,2,1,3020240,43.2450295358718,1.00501046366841
"271",271,31293,"LESPINASSE",31555,1864,659,10,3,4287656,43.7162194628448,1.38246714231751
"272",272,31294,"LESPITEAU",31483,68,43,6,1,1826337,43.0662058637991,0.762138465495373
"273",273,31295,"LESPUGUE",31080,83,45,3,1,4888949,43.2300539146445,0.666376135843179
"274",274,31296,"LESTELLE-DE-",31483,378,194,9,2,9305782,43.1188667944862,0.902072593639214
"275",275,31298,"LEZ",31471,67,77,15,1,2598711,42.9083060789249,0.706189565256279
"276",276,31299,"LHERM",31395,2558,925,38,3,27575386,43.4293011712587,1.22314970891942
"277",277,31301,"LILHAC",31239,90,61,5,1,7365256,43.2851635874738,0.809258940759468
"278",278,31302,"LODES",31483,255,102,2,2,14026229,43.1660565436408,0.657691584064568
"279",279,31303,"LONGAGES",31107,1899,761,36,3,21524619,43.3573145702084,1.21465508739001
"280",280,31304,"LOUBENS-LAUR",31106,324,149,11,2,6473172,43.5739800494263,1.78370808443628
"281",281,31305,"LOUDET",31483,218,89,7,1,5185270,43.140048381407,0.576526264068771
"282",282,31306,"LOURDE",31483,88,104,1,2,1241201,42.9846753902112,0.657840042416171
"283",283,31307,"LUNAX",31080,56,29,2,1,4968812,43.3387064964694,0.694209721947404
"284",284,31308,"LUSCAN",31483,54,38,1,1,3267701,43.0134180225538,0.626832598192789
"285",285,31309,"LUSSAN-ADEIL",31193,191,99,2,1,12667398,43.2958726603785,0.951663075387047
"286",286,31310,"LUX",31582,171,67,3,1,7665155,43.4310490799877,1.78140459586053
"287",287,31311,"LA MAGDELEIN",31584,609,221,5,2,6863130,43.8133739653144,1.53538566513625
"288",288,31312,"MAILHOLAS",31107,38,16,2,1,3018467,43.2457228277128,1.25045750911349
"289",289,31313,"MALVEZIE",31483,112,97,9,1,8362275,43.0072140417691,0.700089552544812
"290",290,31314,"MANCIOUX",31483,344,193,40,2,7242229,43.166923142211,0.941308950869506
"291",291,31315,"MANE",31523,1026,570,38,3,6491055,43.0804510572956,0.946094797669912
"292",292,31316,"MARIGNAC",31471,505,354,10,3,13321311,42.8946828416391,0.666327079940493
"293",293,31317,"MARIGNAC-LAS",31193,295,124,5,2,10171708,43.3046223023165,1.10604895566269
"294",294,31318,"MARIGNAC-LAS",31135,111,64,0,1,12428322,43.2126817776095,0.961876050773511
"295",295,31319,"MARLIAC",31033,108,49,4,1,7236190,43.2236814689943,1.47323346754717
"296",296,31320,"MARQUEFAVE",31107,850,365,20,3,18738168,43.3096968478179,1.2589348220331
"297",297,31321,"MARSOULAS",31523,137,70,6,1,2470557,43.1067858959914,0.994319322795596
"298",298,31322,"MARTISSERRE",31239,53,37,7,1,6195200,43.3946421975203,0.88522140894277
"299",299,31323,"MARTRES-DE-R",31483,307,136,8,2,3572939,43.0827795159807,0.64466837932098
"300",300,31324,"MARTRES-TOLO",31135,1687,879,105,3,23421774,43.2021493844427,1.0016420601102
"301",301,31325,"MASCARVILLE",31106,139,54,0,1,5342791,43.5583682319233,1.75300737044166
"302",302,31327,"MAURAN",31135,119,77,3,1,5217861,43.1846783634689,1.02278757256912
"303",303,31328,"MAUREMONT",31582,223,89,3,1,5670896,43.4558994572223,1.68091576500919
"304",304,31329,"MAURENS",31582,169,72,6,1,6637899,43.4660603253853,1.79766975105258
"305",305,31330,"MAURESSAC",31033,240,102,5,2,4501638,43.3210335520076,1.43402284054219
"306",306,31331,"MAUREVILLE",31106,266,105,8,2,10096868,43.5295282229194,1.71425762463277
"307",307,31332,"MAUVAISIN",31033,252,91,8,1,11116391,43.3594803893331,1.53837445044052
"308",308,31333,"MAUVEZIN",31239,48,36,6,1,4879450,43.3845844914541,0.920878659156307
"309",309,31334,"MAUZAC",31107,682,275,12,2,9303108,43.3757262633553,1.30248372224167
"310",310,31335,"MAYREGNE",31042,33,56,0,1,5163742,42.848562396333,0.54072901179301
"311",311,31336,"MAZERES-SUR-",31523,584,323,27,3,6708770,43.1329489637497,0.964084503802075
"312",312,31337,"MELLES",31471,104,195,13,2,45899921,42.8672142386444,0.808734640964245
"313",313,31340,"MERVILLA",31113,172,66,3,1,2793762,43.5065715397265,1.47354895769373
"314",314,31341,"MERVILLE",31232,2796,1051,52,4,30696814,43.722103343482,1.295887581007
"315",315,31342,"MILHAS",31020,140,150,10,2,13068572,42.9779007859478,0.827571251707657
"316",316,31343,"MIRAMBEAU",31239,51,30,3,1,4017365,43.4059754040848,0.86371824219559
"317",317,31344,"MIRAMONT-DE-",31483,784,431,54,3,8323267,43.0916982591895,0.755728162724107
"318",318,31345,"MIREMONT",31033,1445,579,30,3,22569542,43.3766003043169,1.41666155847127
"319",319,31346,"MIREPOIX-SUR",31584,537,243,14,2,5522850,43.8243782927716,1.57718687469997
"320",320,31347,"MOLAS",31239,146,72,8,1,10622060,43.4003777122159,0.779056937128007
"321",321,31348,"MONCAUP",31020,26,57,2,1,7180856,42.9725094315461,0.701723144293201
"322",322,31349,"MONDAVEZAN",31135,643,292,14,2,21356778,43.2413553335789,1.04261265243861
"323",323,31350,"MONDILHAN",31080,80,60,5,1,10020452,43.2904510834275,0.70760494116186
"324",324,31351,"MONDONVILLE",31232,1900,708,23,3,11817832,43.6632560699074,1.28093996565002
"325",325,31352,"MONDOUZIL",31044,218,80,0,1,4134718,43.6312779148426,1.56282669112186
"326",326,31353,"MONES",31454,50,21,0,1,2498757,43.4181275055404,1.0320877246105
"327",327,31354,"MONESTROL",31582,55,21,0,1,5187016,43.3321912914375,1.66307291760429
"328",328,31355,"MONS",31044,1085,349,6,3,7337326,43.6109497303244,1.57372196060331
"329",329,31356,"MONTAIGUT-SU",31232,1201,455,18,3,12791349,43.6806109698833,1.23471036469099
"330",330,31357,"MONTASTRUC-D",31523,292,180,14,2,16100271,43.0380034582627,0.901433081295145
"331",331,31358,"MONTASTRUC-L",31358,2495,1003,41,4,15569353,43.7217332852892,1.58931199439181
"332",332,31359,"MONTASTRUC-S",31454,76,27,1,1,5693790,43.3617185882981,1.01844497347095
"333",333,31360,"MONTAUBAN-DE",31042,481,316,10,3,5891540,42.7900915177623,0.6223867174751
"334",334,31361,"MONTAUT",31107,440,183,18,2,17929734,43.3453675727809,1.31003445123674
"335",335,31362,"MONTBERAUD",31135,166,102,17,2,16068289,43.1595103272301,1.15515029762377
"336",336,31363,"MONTBERNARD",31239,214,123,11,2,18285541,43.3041216490594,0.767305888372793
"337",337,31364,"MONTBERON",31555,2342,789,24,3,6453654,43.7201178880333,1.4890774328454
"338",338,31365,"MONTBRUN-BOC",31375,373,262,29,2,30533851,43.1196478550376,1.24925706279394
"339",339,31366,"MONTBRUN-LAU",31381,485,167,5,2,10929004,43.4557385198625,1.52028132065986
"340",340,31367,"MONTCLAR-DE-",31135,69,39,8,1,6453170,43.1711595704293,1.0297745518483
"341",341,31368,"MONTCLAR-LAU",31582,139,51,2,1,3694102,43.3631461220644,1.71333161474972
"342",342,31369,"MONT-DE-GALI",31483,36,29,1,1,2480124,42.9928420911859,0.646534596956407
"343",343,31370,"MONTEGUT-BOU",31193,108,49,5,1,5610666,43.2814958495717,0.984856288523648
"344",344,31371,"MONTEGUT-LAU",31451,360,129,1,2,7748321,43.477775873493,1.93100746653919
"345",345,31372,"MONTESPAN",31483,422,222,21,2,12786267,43.0861641275655,0.860014988304631
"346",346,31373,"MONTESQUIEU-",31239,123,66,6,1,9926401,43.3384325184594,0.767252649775611
"347",347,31374,"MONTESQUIEU-",31582,846,357,19,3,24676157,43.4072480617353,1.62755116076907
"348",348,31375,"MONTESQUIEU-",31375,2314,1361,176,4,59911212,43.1925295985139,1.21794105508791
"349",349,31376,"MONTGAILLARD",31523,105,69,10,1,6277669,43.0590194157786,0.932350463751868
"350",350,31377,"MONTGAILLARD",31582,547,203,11,2,11177237,43.4286038223612,1.70280167657293
"351",351,31378,"MONTGAILLARD",31080,66,32,2,1,4177695,43.2548204396591,0.716831259822225
"352",352,31379,"MONTGAZIN",31107,151,67,10,1,6931825,43.3053861380545,1.30341472241356
"353",353,31380,"MONTGEARD",31582,323,151,4,2,9397568,43.3435151059739,1.64139308600787
"354",354,31381,"MONTGISCARD",31381,1947,739,19,3,13214631,43.4549871537727,1.57028465956927
"355",355,31382,"MONTGRAS",31454,46,29,6,1,4060357,43.4498587915565,1.06752991388011
"356",356,31383,"MONTJOIRE",31358,1018,408,9,3,20377577,43.7782672015255,1.52696063512743
"357",357,31384,"MONTLAUR",31582,889,330,11,3,9705470,43.4846965057227,1.58028612482062
"358",358,31385,"MONTMAURIN",31080,198,121,5,2,8408760,43.2270320635545,0.635927624887102
"359",359,31386,"MONTOULIEU-S",31028,153,73,6,1,4897801,43.2314078498717,0.906402361746035
"360",360,31387,"MONTOUSSIN",31193,90,50,7,1,4886473,43.2799218278445,1.01118009963551
"361",361,31388,"MONTPITOL",31358,332,134,8,2,5957668,43.7043591476091,1.6427512127042
"362",362,31389,"MONTRABE",31561,3201,1105,23,4,5306370,43.64227292472,1.5289300128365
"363",363,31390,"MONTREJEAU",31390,2577,1486,271,4,7939637,43.0880951138545,0.557740255605646
"364",364,31391,"MONTSAUNES",31523,379,180,10,2,9248546,43.109507102713,0.932677110282865
"365",365,31392,"MOURVILLES-B",31106,60,28,3,1,4738677,43.4887074539028,1.69943733178755
"366",366,31393,"MOURVILLES-H",31582,167,65,4,1,6482919,43.4246408939082,1.82026279554225
"367",367,31394,"MOUSTAJON",31042,180,91,2,1,2248154,42.8143561591646,0.591044579303469
"368",368,31396,"NAILLOUX",31582,1237,472,63,3,18678458,43.3650691515744,1.6129693463832
"369",369,31397,"NENIGAN",31080,55,23,2,1,2401645,43.352547808621,0.708981565060693
"370",370,31398,"NIZAN-GESSE",31080,84,52,6,1,8620761,43.2306366802657,0.597092300758327
"371",371,31399,"NOE",31107,2066,856,35,3,9677909,43.3603459228969,1.27047889105324
"372",372,31400,"NOGARET",31451,78,35,0,1,3993141,43.4927692503102,1.93358643043762
"373",373,31401,"NOUEILLES",31582,234,93,8,1,5566308,43.4152295529903,1.52581001587823
"374",374,31402,"ODARS",31582,583,211,10,2,6705201,43.5219583798515,1.59335043636103
"375",375,31403,"ONDES",31232,681,276,13,2,6569357,43.7862616469067,1.30455094741942
"376",376,31404,"OO",31042,108,98,0,1,40724271,42.7414333859236,0.495635889186568
"377",377,31405,"ORE",31483,109,99,1,1,2799303,42.9736843939074,0.64510269058617
"378",378,31406,"PALAMINY",31135,629,314,37,3,11311094,43.1946298196796,1.06043290110348
"379",379,31407,"PAULHAC",31358,916,321,12,3,14057673,43.7538007653019,1.55512832883755
"380",380,31408,"PAYSSOUS",31483,80,59,2,1,4260474,43.0344162751452,0.716882265293334
"381",381,31409,"PECHABOU",31113,1299,453,12,3,3529910,43.5011401784837,1.51009743963186
"382",382,31410,"PECHBONNIEU",31555,2997,1051,25,4,7560649,43.7113410684067,1.45853859417774
"383",383,31411,"PECHBUSQUE",31113,707,252,12,2,3147394,43.525001014341,1.45672267782671
"384",384,31412,"PEGUILHAN",31080,221,93,3,1,18619283,43.3184438515846,0.703455956479861
"385",385,31413,"PELLEPORT",31098,344,159,6,2,10391076,43.741797710553,1.11922982641158
"386",386,31414,"PEYRISSAS",31028,82,42,5,1,7896530,43.2886428274004,0.911677937740218
"387",387,31415,"PEYROUZET",31028,79,35,1,1,4944798,43.2078104503589,0.831779106377935
"388",388,31416,"PEYSSIES",31107,364,154,5,2,6389266,43.3256130339782,1.18473036506042
"389",389,31417,"PIBRAC",31232,7440,2485,79,4,26015783,43.6277237455681,1.26126428292855
"390",390,31418,"PIN-BALMA",31044,655,225,9,2,6636146,43.6223466789007,1.53576161922213
"391",391,31419,"LE PIN-MUREL",31454,151,73,4,1,11996476,43.3971152815481,1.02096143810761
"392",392,31420,"PINSAGUEL",31395,2466,1008,41,4,5162545,43.5029270368604,1.39406474829437
"393",393,31421,"PINS-JUSTARE",31395,3915,1401,88,4,4489039,43.4822258281411,1.39100385059729
"394",394,31422,"PLAGNE",31135,88,45,1,1,4134115,43.1607767091721,1.05895405144935
"395",395,31423,"PLAGNOLE",31454,271,100,7,2,7404460,43.4117089274,1.06395196842245
"396",396,31425,"LE PLAN",31135,315,210,8,2,8130852,43.1668605184311,1.12224040165683
"397",397,31426,"POINTIS-DE-R",31483,792,304,21,3,6752077,43.0909268321445,0.625660937198079
"398",398,31427,"POINTIS-INAR",31483,740,368,12,3,15016427,43.0837401765801,0.797335870951141
"399",399,31428,"POLASTRON",31193,64,25,0,1,4859451,43.3197760255691,0.951871412579654
"400",400,31429,"POMPERTUZAT",31113,1208,431,21,3,5482296,43.4943749935579,1.52198342699652
"401",401,31430,"PONLAT-TAILL",31390,457,203,10,2,8480024,43.1120573225121,0.59640632734197
"402",402,31432,"PORTET-DE-LU",31042,32,31,1,1,4120625,42.811494878489,0.470960020295452
"403",403,31433,"PORTET-SUR-G",31395,8733,3473,149,4,15463050,43.5289767683154,1.40190314406747
"404",404,31434,"POUBEAU",31042,53,73,1,1,4233684,42.8275215865491,0.492330655217868
"405",405,31435,"POUCHARRAMET",31454,680,288,9,2,22615899,43.4233014616754,1.1666815691717
"406",406,31436,"POUY-DE-TOUG",31193,226,114,1,2,13885330,43.3363869361133,1.0488102367058
"407",407,31437,"POUZE",31381,89,37,5,1,3862057,43.4339499929021,1.53427406282974
"408",408,31439,"PRESERVILLE",31106,359,142,4,2,12212001,43.5202121468079,1.63161357641275
"409",409,31440,"PROUPIARY",31483,56,31,6,1,4980552,43.1582253317094,0.868138380546757
"410",410,31441,"PRUNET",31106,134,53,0,1,4704381,43.572452568344,1.72929141458354
"411",411,31442,"PUYDANIEL",31033,318,139,17,2,7586211,43.3316054369917,1.42270987384132
"412",412,31443,"PUYMAURIN",31239,297,175,26,2,22782346,43.3699379436401,0.752659619674071
"413",413,31444,"PUYSSEGUR",31098,70,42,1,1,5455397,43.7521576486346,1.06630358272942
"414",414,31445,"QUINT-FONSEG",31044,4478,1763,59,4,7461859,43.5813036006476,1.54294266004117
"415",415,31447,"RAZECUEILLE",31020,37,89,6,1,6563972,42.9635407918518,0.814567670833658
"416",416,31448,"REBIGUE",31113,444,154,3,2,5146395,43.4898492981283,1.47754915129234
"417",417,31449,"REGADES",31483,112,78,13,1,3686236,43.0531063051878,0.718372678758397
"418",418,31450,"RENNEVILLE",31582,334,141,15,2,8405733,43.3787369624822,1.72221039976064
"419",419,31451,"REVEL",31451,7985,3894,226,4,35642497,43.4654247028215,1.99671156275087
"420",420,31452,"RIEUCAZE",31483,37,32,4,1,2093416,43.0759620465815,0.752349412794519
"421",421,31453,"RIEUMAJOU",31582,87,42,8,1,3765462,43.4122935356834,1.80227962633037
"422",422,31454,"RIEUMES",31454,2601,1225,117,4,30919557,43.4116440181936,1.11492838616352
"423",423,31455,"RIEUX",31107,1899,949,77,3,32641426,43.2555246736277,1.20667782492697
"424",424,31456,"RIOLAS",31239,42,27,3,1,2869413,43.3507903835588,0.918384057390691
"425",425,31457,"ROQUEFORT-SU",31523,715,405,46,3,13572501,43.1601285753484,0.986750354744674
"426",426,31458,"ROQUES",31395,2988,1076,24,4,9367444,43.5072292622494,1.35432176996359
"427",427,31459,"ROQUESERIERE",31358,615,248,13,2,10692528,43.7337271943191,1.63706761639731
"428",428,31460,"ROQUETTES",31395,3285,1170,22,4,3351655,43.4944538581533,1.37449891726679
"429",429,31461,"ROUEDE",31523,236,144,20,2,6288121,43.0564593672373,0.883273522143475
"430",430,31462,"ROUFFIAC-TOL",31561,1404,496,29,3,4760825,43.6638556836902,1.52601771489616
"431",431,31463,"ROUMENS",31451,202,76,7,1,3582413,43.4645463528738,1.93604361832074
"432",432,31464,"SABONNERES",31454,218,98,1,1,12576908,43.4688000937483,1.05696306452257
"433",433,31465,"SACCOURVIELL",31042,14,28,0,1,3284117,42.8181379394597,0.568918119767459
"434",434,31466,"SAIGUEDE",31499,524,212,12,2,11953747,43.5235631959072,1.14171487617881
"435",435,31467,"SAINT-ALBAN",31555,5186,1840,59,4,4428264,43.6927385168372,1.41250009032988
"436",436,31468,"SAINT-ANDRE",31028,180,103,6,2,18759301,43.2741131984924,0.847491551237324
"437",437,31469,"SAINT-ARAILL",31193,125,51,1,1,6625843,43.3525795632252,1.00301302367532
"438",438,31470,"SAINT-AVENTI",31042,95,461,10,3,18108812,42.7578071306916,0.577336601047788
"439",439,31471,"SAINT-BEAT",31471,364,453,55,3,7115879,42.9053426709397,0.685288244668109
"440",440,31472,"SAINT-BERTRA",31390,237,165,16,2,11263771,43.0239311244173,0.552208531550434
"441",441,31473,"SAINT-CEZERT",31232,413,118,10,2,9009014,43.7815927958444,1.19168016503812
"442",442,31474,"SAINT-CHRIST",31135,229,99,6,1,10864717,43.1926520386017,1.12815960715388
"443",443,31475,"SAINT-CLAR-D",31395,872,352,16,3,10031922,43.4758918822788,1.20868604320932
"444",444,31476,"SAINT-ELIX-L",31107,542,247,18,2,10673337,43.2820744339314,1.13764095142351
"445",445,31477,"SAINT-ELIX-S",31028,47,29,7,1,3009461,43.196061681487,0.849531577642708
"446",446,31478,"SAINT-FELIX-",31451,1301,586,59,3,52187097,43.4507004144871,1.90157330291125
"447",447,31479,"SAINT-FERREO",31080,53,31,7,1,5693212,43.3381475978709,0.736572252243944
"448",448,31480,"SAINTE-FOY-D",31106,1631,510,10,3,9872632,43.5506998976756,1.60341495269272
"449",449,31481,"SAINTE-FOY-D",31499,1436,560,35,3,37949978,43.4809777606354,1.13700130516901
"450",450,31482,"SAINT-FRAJOU",31239,173,111,10,2,16976891,43.3309897281317,0.850661605287118
"451",451,31484,"SAINT-GENIES",31561,1781,667,19,3,3800148,43.6848482450554,1.48031083646653
"452",452,31485,"SAINT-GERMIE",31582,86,37,1,1,3758297,43.4683211134416,1.72613154080562
"453",453,31486,"SAINT-HILAIR",31395,708,257,7,2,6385275,43.4211804631444,1.26861165572614
"454",454,31487,"SAINT-IGNAN",31483,250,86,1,1,5511999,43.156396205953,0.691181655086682
"455",455,31488,"SAINT-JEAN",31561,8362,3288,69,4,6031873,43.6629600678238,1.50127925149426
"456",456,31489,"SAINT-JEAN-L",31358,303,108,1,2,8008092,43.6981658474694,1.61734442444243
"457",457,31490,"SAINT-JORY",31555,4069,1490,67,4,19322053,43.7392179538388,1.35673737428075
"458",458,31491,"SAINT-JULIA",31451,333,196,29,2,11549814,43.4937305854849,1.89373115231368
"459",459,31492,"SAINT-JULIEN",31135,342,180,21,2,8165323,43.249288490886,1.14667867446259
"460",460,31493,"SAINT-LARY-B",31483,116,55,5,1,8393277,43.2219276925071,0.739700235060216
"461",461,31494,"SAINT-LAUREN",31239,157,118,7,2,8568025,43.3257782271107,0.800186210847208
"462",462,31495,"SAINT-LEON",31582,750,305,31,3,24322807,43.3968172134983,1.56304384029684
"463",463,31497,"SAINT-LOUP-C",31561,1742,595,28,3,3714587,43.6977200255606,1.4799904070102
"464",464,31498,"SAINT-LOUP-E",31080,40,31,1,1,4753154,43.2419611757659,0.574871061736971
"465",465,31499,"SAINT-LYS",31499,5455,1978,99,4,21496679,43.5102256397066,1.19882281469147
"466",466,31500,"SAINT-MAMET",31042,499,601,59,3,11212363,42.7713906028415,0.630771254467829
"467",467,31501,"SAINT-MARCEL",31573,401,155,7,2,7157766,43.6570036694764,1.6140796974113
"468",468,31502,"SAINT-MARCET",31483,393,167,8,2,14443699,43.19714271515,0.745572198287785
"469",469,31503,"SAINT-MARTOR",31523,873,440,55,3,8225109,43.1433173237095,0.93677088436442
"470",470,31504,"SAINT-MEDARD",31483,235,98,2,1,5271838,43.1285749711528,0.829233201318894
"471",471,31505,"SAINT-MICHEL",31135,232,148,20,2,15586705,43.1600706832653,1.08613667537665
"472",472,31507,"SAINT-PAUL-S",31232,659,270,24,2,5172809,43.6992357343294,1.22043823746557
"473",473,31508,"SAINT-PAUL-D",31042,49,68,2,1,7521629,42.8383305037523,0.556070569698434
"474",474,31509,"SAINT-PE-D'A",31483,114,146,8,2,3477792,42.9858294580844,0.679832586108405
"475",475,31510,"SAINT-PE-DEL",31080,121,53,4,1,5502907,43.2677348813301,0.693783959508966
"476",476,31511,"SAINT-PIERRE",31573,209,84,9,1,4777040,43.6369477495295,1.64134756754278
"477",477,31512,"SAINT-PIERRE",31106,377,154,12,2,7252038,43.5682668089489,1.62733075672625
"478",478,31513,"SAINT-PLANCA",31483,372,213,14,2,15899748,43.1682255898125,0.570773137626781
"479",479,31514,"SAINT-ROME",31582,68,29,2,1,3673438,43.4148102628544,1.674624833729
"480",480,31515,"SAINT-RUSTIC",31232,425,169,6,2,2370859,43.803020630272,1.32774851105741
"481",481,31516,"SAINT-SAUVEU",31555,1309,511,14,3,7061629,43.7510449892534,1.39603699036152
"482",482,31517,"SAINT-SULPIC",31107,1639,750,46,3,13981287,43.3245638923675,1.34089281409303
"483",483,31518,"SAINT-THOMAS",31499,472,201,18,2,14187560,43.5148225658476,1.08850492604552
"484",484,31519,"SAINT-VINCEN",31582,99,36,3,1,3106655,43.4401125556255,1.75824088524802
"485",485,31520,"SAJAS",31454,82,48,4,1,4926676,43.375205725802,1.02531461114541
"486",486,31521,"SALEICH",31523,361,197,27,2,14209149,43.0278885148406,0.967830555171256
"487",487,31522,"SALERM",31239,55,41,2,1,5834855,43.3067219481287,0.824566896934387
"488",488,31523,"SALIES-DU-SA",31523,1943,1164,99,4,6781061,43.1014687668621,0.962904622559537
"489",489,31524,"SALLES-ET-PR",31042,119,84,6,1,2107519,42.8339698519564,0.606774598469022
"490",490,31525,"SALLES-SUR-G",31107,301,135,5,2,5741477,43.2761010371021,1.17187178775626
"491",491,31526,"LA SALVETAT-",31499,5779,1920,32,4,5767365,43.5754724144463,1.26622968689643
"492",492,31527,"LA SALVETAT-",31106,97,42,2,1,3710161,43.5470312488201,1.80040132993907
"493",493,31528,"SAMAN",31080,142,58,7,1,5573638,43.2393586907166,0.722187469889033
"494",494,31529,"SAMOUILLAN",31028,108,56,3,1,5493080,43.2667684516192,0.949523498421451
"495",495,31530,"SANA",31135,175,65,2,1,2728874,43.2279061838773,1.01072296916854
"496",496,31531,"SARRECAVE",31080,61,43,8,1,2444926,43.215217769728,0.595214668551685
"497",497,31532,"SARREMEZAN",31080,69,34,6,1,4267547,43.2117390000216,0.662233795841365
"498",498,31533,"SAUBENS",31395,1299,512,21,3,6063347,43.4793441879958,1.35927142715724
"499",499,31534,"SAUSSENS",31106,144,59,9,1,3064240,43.590191717432,1.72435407064618
"500",500,31535,"SAUVETERRE-D",31483,720,434,42,3,30158773,43.0334581247405,0.672818286611666
